file,begin,end,speaker,overall_log_likelihood,speech_log_likelihood,phone_duration_deviation,snr
p001_001_Test1,0.0,69.14902494331066,_mfa_corpus,-50.25900668835864,-57.14133192171716,3.441340945486009,7.1878226009258555
